"","","y_test_actual1"
0.433453857898712,0.566546142101288,0
0.0946376174688339,0.905362367630005,0
0.345091730356216,0.654908239841461,0
0.974999845027924,0.0250001288950443,1
0.0212130211293697,0.978787004947662,0
0.162490397691727,0.837509572505951,0
0.0109973372891545,0.989002704620361,1
0.0994365140795708,0.900563418865204,0
0.832408607006073,0.167591348290443,1
0.116558469831944,0.883441567420959,1
0.216283485293388,0.78371649980545,1
0.743541061878204,0.256458878517151,1
0.933911085128784,0.0660889074206352,0
0.0280342847108841,0.971965670585632,1
0.944341242313385,0.0556586943566799,0
0.947102904319763,0.0528971180319786,0
0.91863739490509,0.0813626050949097,0
0.800509452819824,0.199490532279015,1
0.961070775985718,0.0389292016625404,0
0.534928977489471,0.465071022510529,1
0.0406629778444767,0.959337055683136,0
0.982057571411133,0.0179424323141575,1
0.997381389141083,0.00261853728443384,0
0.00269700214266777,0.997303009033203,1
0.672572374343872,0.32742765545845,1
0.97263091802597,0.0273690894246101,1
0.0146793434396386,0.985320627689362,1
0.131308645009995,0.868691325187683,1
0.132361069321632,0.867638885974884,0
0.115649498999119,0.884350478649139,1
0.900208652019501,0.0997912958264351,0
0.659577250480652,0.340422719717026,1
0.0261572804301977,0.973842680454254,1
0.67186313867569,0.328136891126633,0
0.00307094329036772,0.996929109096527,1
0.711422681808472,0.288577347993851,0
0.745448112487793,0.254551857709885,1
0.880993962287903,0.119006000459194,1
0.688411772251129,0.311588227748871,1
0.29864439368248,0.701355636119843,0
0.5922891497612,0.407710820436478,1
0.477457791566849,0.522542238235474,1
0.000922484206967056,0.999077439308167,1
0.974404335021973,0.0255956891924143,1
0.0917087122797966,0.908291339874268,1
0.815081059932709,0.184918910264969,0
0.21158093214035,0.788419008255005,0
0.145717903971672,0.854282140731812,0
0.468906611204147,0.531093418598175,1
0.0793621987104416,0.920637845993042,1
0.0281033422797918,0.971896648406982,1
0.331866472959518,0.668133556842804,1
0.78812175989151,0.21187824010849,0
0.00429461803287268,0.995705425739288,1
0.227397009730339,0.7726029753685,1
0.851072907447815,0.148927092552185,0
0.756949365139008,0.243050619959831,1
0.744164049625397,0.255835920572281,1
0.0436928234994411,0.956307172775269,1
0.416276901960373,0.583723068237305,0
0.934883654117584,0.0651163160800934,1
0.120529815554619,0.87947016954422,1
0.311673283576965,0.688326716423035,1
0.573774099349976,0.426225930452347,0
0.746874392032623,0.253125548362732,0
0.704040765762329,0.295959144830704,0
0.00217946409247816,0.997820496559143,1
0.204798743128777,0.795201241970062,1
0.00864912010729313,0.991350889205933,1
0.846932411193848,0.153067603707314,1
0.995488226413727,0.00451176287606359,0
0.944866478443146,0.0551334954798222,1
0.864105403423309,0.135894641280174,1
0.56478625535965,0.435213685035706,0
0.21793121099472,0.78206878900528,1
0.00455442955717444,0.995445609092712,0
0.864080369472504,0.135919600725174,1
0.00371916359290481,0.99628084897995,1
0.627576947212219,0.372422963380814,0
0.241356402635574,0.758643567562103,0
0.0422425642609596,0.957757472991943,1
0.515618205070496,0.48438173532486,0
0.862342357635498,0.137657627463341,0
0.0807361528277397,0.91926383972168,1
0.258573144674301,0.741426885128021,0
0.0357300527393818,0.964269995689392,0
0.951006293296814,0.0489936545491219,1
0.101209029555321,0.898790895938873,1
0.263920426368713,0.736079573631287,0
0.573198676109314,0.426801294088364,1
0.879978597164154,0.120021380484104,1
0.815734148025513,0.184265851974487,1
0.625828981399536,0.374171018600464,1
0.978572905063629,0.0214270390570164,0
0.676039099693298,0.323960930109024,1
0.972432613372803,0.027567446231842,0
0.555929064750671,0.444070965051651,1
0.332233160734177,0.667766928672791,1
0.0278770215809345,0.972123026847839,1
0.135520920157433,0.864479124546051,0
0.0851956158876419,0.914804399013519,0
0.626498281955719,0.373501777648926,0
0.191084206104279,0.808915793895721,0
0.873872578144073,0.126127436757088,1
0.0483180172741413,0.951681911945343,1
0.862173080444336,0.13782687485218,0
0.990125179290771,0.00987478066235781,0
0.982281565666199,0.017718430608511,1
0.949337780475616,0.0506621971726418,0
0.95031875371933,0.0496812425553799,0
0.361100286245346,0.638899624347687,0
0.654738366603851,0.345261663198471,1
0.347485035657883,0.652514934539795,0
0.120187126100063,0.879812836647034,0
0.995301246643066,0.00469871563836932,0
0.0531193539500237,0.946880638599396,1
0.992315888404846,0.00768414931371808,0
0.983796000480652,0.0162040274590254,1
0.489827692508698,0.510172307491302,1
0.156228333711624,0.843771636486053,0
0.978448867797852,0.021551201120019,1
0.0123418755829334,0.987658083438873,1
0.993397831916809,0.00660210987553,0
0.12281009554863,0.877189874649048,1
0.813796579837799,0.18620340526104,0
0.979054570198059,0.0209454074501991,1
0.980397462844849,0.0196025166660547,0
0.368327468633652,0.631672501564026,1
0.966251850128174,0.0337482169270515,0
0.0543068386614323,0.945693075656891,1
0.989775657653809,0.0102243684232235,0
0.983803927898407,0.0161960013210773,0
0.999289393424988,0.000710525724571198,0
0.990506231784821,0.00949384458363056,1
0.989578902721405,0.0104211159050465,1
0.00365328695625067,0.996346771717072,1
0.388086497783661,0.611913502216339,1
0.974812090396881,0.0251878965646029,0
0.994007706642151,0.0059922868385911,0
0.00775504857301712,0.992244899272919,1
0.305245041847229,0.694755017757416,0
0.44844314455986,0.551556825637817,0
0.952642202377319,0.0473578497767448,0
0.0119637744501233,0.988036155700684,1
0.991824984550476,0.00817504059523344,0
0.875121116638184,0.124878868460655,0
0.939752876758575,0.0602470971643925,1
0.750030875205994,0.249969109892845,0
0.100477062165737,0.89952290058136,1
0.981452405452728,0.0185476206243038,0
0.0174365844577551,0.982563436031342,1
0.89325475692749,0.106745228171349,1
0.927979111671448,0.0720209330320358,0
0.0659400671720505,0.934059917926788,0
0.643504023551941,0.356495946645737,0
0.890641331672668,0.109358683228493,0
0.0929713770747185,0.907028615474701,1
0.0179753135889769,0.982024669647217,1
0.633037328720093,0.366962671279907,0
0.614783942699432,0.38521608710289,0
0.992038488388062,0.00796147063374519,0
0.881253302097321,0.118746712803841,1
0.891228199005127,0.108771741390228,1
0.211011558771133,0.788988471031189,0
0.291941165924072,0.708058834075928,1
0.127484813332558,0.872515201568604,1
0.992979228496552,0.00702077150344849,0
0.500865876674652,0.49913415312767,1
0.20778001844883,0.792219936847687,1
0.0332325771450996,0.966767430305481,1
0.433628439903259,0.566371500492096,1
0.351700067520142,0.648299992084503,1
0.958010613918304,0.0419893711805344,0
0.267152547836304,0.732847452163696,0
0.0116895940154791,0.98831045627594,1
0.556142568588257,0.443857401609421,0
0.978164434432983,0.0218355320394039,0
0.983429431915283,0.0165705494582653,0
0.757466495037079,0.242533549666405,1
0.605899333953857,0.39410063624382,0
0.745591342449188,0.254408597946167,1
0.986423075199127,0.0135768605396152,0
0.031713392585516,0.968286633491516,0
0.981192946434021,0.0188070144504309,0
0.0316144526004791,0.968385577201843,1
0.810394883155823,0.189605101943016,1
0.936453580856323,0.0635463744401932,0
0.59356689453125,0.40643310546875,1
0.346150130033493,0.653849899768829,0
0.790508687496185,0.209491297602654,0
0.160973861813545,0.839026093482971,1
0.98130601644516,0.0186940096318722,1
0.394403070211411,0.605596959590912,0
0.698083937168121,0.301916033029556,0
0.00349657516926527,0.996503472328186,0
0.973952174186707,0.0260478165000677,0
0.666311681270599,0.333688378334045,0
0.00153562112245709,0.998464345932007,0
0.230369597673416,0.769630372524261,0
0.998537659645081,0.00146237527951598,1
0.522468745708466,0.477531224489212,1
0.178170263767242,0.821829795837402,0
0.000627044995781034,0.999373018741608,1
0.16458298265934,0.835417032241821,1
0.0294163636863232,0.97058367729187,1
0.936792850494385,0.063207171857357,0
0.00549925630912185,0.994500756263733,1
0.362866073846817,0.63713401556015,1
0.0167648606002331,0.983235120773315,0
0.45499661564827,0.545003354549408,1
0.949047684669495,0.0509523153305054,0
0.892180919647217,0.107819087803364,0
0.982150018215179,0.01784997433424,0
0.747708559036255,0.25229150056839,1
0.158640593290329,0.841359496116638,1
0.998250067234039,0.00174995022825897,1
0.0190700776875019,0.980929970741272,0
0.616460084915161,0.383539855480194,0
0.0530523955821991,0.946947574615479,1
0.918930232524872,0.08106978982687,0
0.062739759683609,0.937260270118713,1
0.990833699703217,0.00916630029678345,0
0.984514474868774,0.0154855353757739,1
0.0115728778764606,0.988427102565765,0
0.12046480178833,0.879535138607025,1
0.766615569591522,0.233384400606155,0
0.989993989467621,0.0100060440599918,0
0.0919438451528549,0.908056139945984,1
0.0178838800638914,0.982116103172302,0
0.0972020626068115,0.902797937393188,1
0.238828346133232,0.761171638965607,1
0.419340640306473,0.580659329891205,1
0.986243426799774,0.0137565257027745,0
0.8514683842659,0.148531585931778,1
0.911366164684296,0.0886337831616402,0
0.0327585153281689,0.967241525650024,1
0.992864370346069,0.00713562360033393,1
0.00290963565930724,0.997090339660645,1
0.239641293883324,0.760358691215515,0
0.941541790962219,0.0584582425653934,0
0.981777429580688,0.018222488462925,1
0.543678343296051,0.456321597099304,0
0.988033533096313,0.0119664818048477,0
0.122283600270748,0.877716422080994,0
0.0347559116780758,0.965244054794312,0
0.697856426239014,0.302143663167953,1
0.154945909976959,0.845054090023041,1
0.0936994627118111,0.90630054473877,0
0.96832811832428,0.0316719152033329,0
0.993047177791595,0.00695289298892021,0
0.462001085281372,0.537998914718628,1
0.613110184669495,0.386889815330505,1
0.171703979372978,0.828296065330505,1
0.744553685188293,0.255446285009384,0
0.115903727710247,0.884096264839172,0
0.0378269590437412,0.962172985076904,1
0.728625476360321,0.271374553442001,0
0.492289125919342,0.507710933685303,0
0.998144268989563,0.00185571075417101,0
0.177640125155449,0.822359800338745,1
0.0326090082526207,0.967390954494476,1
0.433282196521759,0.566717803478241,1
0.00923230592161417,0.990767657756805,0
0.483498454093933,0.516501486301422,0
0.0247975494712591,0.97520250082016,0
0.599698185920715,0.400301843881607,0
0.896494567394257,0.103505417704582,0
0.0190202407538891,0.980979740619659,0
0.723764598369598,0.276235401630402,0
0.91997367143631,0.0800263658165932,0
0.0954048484563828,0.904595196247101,1
0.443675190210342,0.556324899196625,1
0.926259696483612,0.0737402886152267,1
0.992954194545746,0.00704585807397962,0
0.00466787070035934,0.995332062244415,0
0.443131506443024,0.556868433952332,0
0.831927418708801,0.168072566390038,0
0.914094030857086,0.0859059169888496,0
0.977575421333313,0.0224245991557837,1
0.997738242149353,0.00226174131967127,0
0.984453976154327,0.0155460191890597,0
0.233822032809258,0.766177952289581,1
0.0354746617376804,0.96452534198761,1
0.00910198409110308,0.990898072719574,0
0.948129057884216,0.0518709756433964,0
0.59550666809082,0.404493302106857,0
0.842342793941498,0.15765717625618,1
0.998817265033722,0.0011826598783955,0
0.378708869218826,0.621291100978851,1
0.00103444303385913,0.998965501785278,0
0.954986155033112,0.0450137965381145,0
0.0200305338948965,0.979969441890717,1
0.995782017707825,0.00421796273440123,1
0.0208285935223103,0.979171335697174,1
0.966906368732452,0.0330936349928379,0
0.794621765613556,0.205378234386444,1
0.799792587757111,0.200207382440567,1
0.998546123504639,0.00145385169889778,1
0.00577949034050107,0.994220495223999,1
0.388397425413132,0.611602544784546,0
0.958662211894989,0.0413377918303013,0
0.930213451385498,0.0697865560650826,0
0.932061314582825,0.0679386034607887,0
0.0339564345777035,0.966043531894684,1
0.179874062538147,0.820125937461853,1
0.988303124904633,0.0116968899965286,0
0.00830975640565157,0.991690278053284,0
0.302075147628784,0.697924852371216,0
0.133748039603233,0.866251945495605,1
0.696164906024933,0.303835153579712,0
0.971484899520874,0.028515137732029,1
0.0454563200473785,0.954543650150299,1
0.0411372482776642,0.958862781524658,1
0.0770427510142326,0.922957241535187,0
0.820894241333008,0.179105818271637,1
0.00567654427140951,0.994323492050171,1
0.0887341201305389,0.911265909671783,0
0.992233395576477,0.00776665238663554,1
0.677237033843994,0.322762966156006,0
0.149907380342484,0.850092649459839,0
0.407584756612778,0.5924152135849,0
0.540385246276855,0.459614723920822,0
0.195914596319199,0.804085373878479,0
0.989163994789124,0.0108359754085541,0
0.979949653148651,0.0200503300875425,1
0.767876446247101,0.232123538851738,0
0.099218487739563,0.900781512260437,1
0.978686273097992,0.0213137250393629,0
0.111941747367382,0.888058245182037,0
0.449633002281189,0.550366938114166,1
0.52698427438736,0.473015755414963,1
0.774158000946045,0.225842013955116,1
0.59896993637085,0.40103006362915,1
0.0508449599146843,0.94915509223938,1
0.995440125465393,0.00455986522138119,0
0.0300620645284653,0.969937920570374,0
0.686033964157104,0.313966065645218,1
0.880204737186432,0.119795233011246,1
0.990798830986023,0.00920121185481548,1
0.0126052601262927,0.9873948097229,0
0.629395067691803,0.370604962110519,0
0.95027619600296,0.0497238151729107,0
0.50967264175415,0.49032735824585,0
0.237284585833549,0.762715399265289,0
0.970156908035278,0.0298431068658829,0
0.0123052364215255,0.98769474029541,0
0.324062824249268,0.675937235355377,1
0.921895563602448,0.0781044811010361,0
0.309612691402435,0.690387308597565,0
0.0290550887584686,0.970944941043854,1
0.988408148288727,0.0115918209776282,0
0.902350068092346,0.0976499170064926,1
0.958418548107147,0.041581429541111,1
0.532597541809082,0.46740248799324,0
0.991270422935486,0.00872959941625595,1
0.856822788715363,0.143177166581154,0
0.852158725261688,0.147841304540634,0
0.778810918331146,0.221189126372337,0
0.995282351970673,0.00471759866923094,0
0.571648716926575,0.428351253271103,1
0.00241177948191762,0.997588276863098,1
0.588578104972839,0.411421924829483,0
0.984206438064575,0.0157935190945864,0
0.617868363857269,0.382131606340408,0
0.428951859474182,0.571048140525818,1
0.000494826992508024,0.999505162239075,1
0.769152998924255,0.230847001075745,0
0.522211015224457,0.477788925170898,1
0.6973996758461,0.302600294351578,0
0.228455141186714,0.771544814109802,0
0.226785615086555,0.773214340209961,0
0.995945394039154,0.00405465811491013,0
0.999439895153046,0.000560117303393781,1
0.142653450369835,0.857346534729004,1
0.931961953639984,0.0680380836129189,0
0.0308809597045183,0.969119012355804,0
0.181499421596527,0.818500578403473,0
0.986750662326813,0.0132494028657675,0
0.900886654853821,0.099113367497921,0
0.977071225643158,0.0229287892580032,1
0.131144315004349,0.868855714797974,1
0.18174934387207,0.818250715732574,0
0.262996017932892,0.737003982067108,1
0.860474467277527,0.139525547623634,0
0.797628045082092,0.202371925115585,1
0.998647272586823,0.00135272636543959,0
0.00814276281744242,0.991857290267944,0
0.632966816425323,0.367033213376999,0
0.753667891025543,0.246332064270973,1
0.0112371882423759,0.98876279592514,1
0.0047593517228961,0.995240688323975,1
0.364462524652481,0.635537505149841,1
0.905537247657776,0.0944627299904823,0
0.98729544878006,0.012704542838037,0
0.990879118442535,0.00912092998623848,1
0.762285947799683,0.237714067101479,1
0.0291502792388201,0.970849752426147,1
0.160516738891602,0.839483261108398,1
0.683237254619598,0.316762715578079,1
0.533700823783875,0.46629923582077,0
0.921187281608582,0.0788126513361931,0
0.946755707263947,0.0532442666590214,1
0.525598704814911,0.474401354789734,1
0.655506432056427,0.344493597745895,1
0.489260137081146,0.510739862918854,0
0.0459530204534531,0.954047024250031,0
0.185858577489853,0.814141452312469,0
0.00498940888792276,0.995010614395142,1
0.148242220282555,0.851757764816284,1
0.092726081609726,0.907273888587952,1
0.0497690178453922,0.95023101568222,1
0.0180344227701426,0.981965601444244,1
0.975505828857422,0.0244941283017397,0
0.878163516521454,0.121836498379707,0
0.821648478507996,0.178351491689682,0
0.813601553440094,0.186398416757584,1
0.583718419075012,0.41628161072731,0
0.0116095030680299,0.988390564918518,1
0.356338798999786,0.643661201000214,1
0.979464471340179,0.0205354578793049,0
0.053433433175087,0.946566522121429,1
0.109625414013863,0.890374600887299,0
0.752703487873077,0.247296497225761,1
0.625253856182098,0.374746143817902,1
0.938595473766327,0.0614044964313507,1
0.972110867500305,0.027889171615243,1
0.86481910943985,0.135180875658989,0
0.00626422185450792,0.993735790252686,1
0.59980982542038,0.400190114974976,0
0.986841082572937,0.0131589528173208,1
0.0824289247393608,0.917571067810059,0
0.933287560939789,0.0667123943567276,0
0.564677536487579,0.435322493314743,0
0.723853170871735,0.276146829128265,0
0.992209076881409,0.0077908942475915,0
0.862781226634979,0.137218818068504,0
0.988842129707336,0.0111579056829214,1
0.906556844711304,0.0934431254863739,1
0.00668939342722297,0.993310570716858,1
0.985578536987305,0.0144214918836951,0
0.0302614290267229,0.9697385430336,1
0.060946274548769,0.93905371427536,0
0.938630044460297,0.0613699480891228,0
0.975267469882965,0.0247325152158737,0
0.0735061764717102,0.926493763923645,1
0.018502201884985,0.981497764587402,1
0.251227468252182,0.74877256155014,1
0.00726812239736319,0.992731869220734,1
0.030045622959733,0.969954431056976,1
0.405554115772247,0.594445884227753,0
0.913551688194275,0.0864482671022415,1
0.350541919469833,0.649458110332489,1
0.997253119945526,0.00274692848324776,1
0.993955194950104,0.00604485487565398,1
0.00153125380165875,0.998468697071075,1
0.148222163319588,0.851777851581573,0
0.795760631561279,0.204239293932915,0
0.0703954696655273,0.929604530334473,1
0.735414922237396,0.264585107564926,0
0.0104347709566355,0.989565253257751,0
0.0676797106862068,0.932320296764374,0
0.0021708554122597,0.997829139232635,1
0.0837682485580444,0.916231691837311,1
0.877959609031677,0.122040428221226,1
0.231862083077431,0.768137872219086,0
0.906726002693176,0.0932740718126297,0
0.316374599933624,0.683625459671021,0
0.0222307704389095,0.977769255638123,1
0.457867920398712,0.542132079601288,0
0.00693817483261228,0.99306184053421,1
0.934695899486542,0.0653041154146194,1
0.857050478458405,0.142949491739273,0
0.773067116737366,0.226932868361473,0
0.176452577114105,0.823547422885895,1
0.947843790054321,0.0521562248468399,0
0.112366072833538,0.887633860111237,0
0.0135427759960294,0.986457169055939,0
0.00896332506090403,0.991036653518677,1
0.986160337924957,0.0138396648690104,0
0.0639650896191597,0.936034858226776,1
0.961941301822662,0.0380587019026279,0
0.222532764077187,0.777467250823975,0
0.0329106338322163,0.967089414596558,1
0.992200195789337,0.00779977487400174,0
0.29371377825737,0.706286191940308,1
0.717615723609924,0.282384276390076,0
0.958674728870392,0.0413252450525761,0
0.255261272192001,0.744738757610321,1
0.883741974830627,0.116258062422276,0
0.883202254772186,0.116797812283039,0
0.193282708525658,0.806717336177826,1
0.702282190322876,0.297717750072479,0
0.9468834400177,0.053116612136364,1
0.374084234237671,0.625915825366974,0
0.432550847530365,0.56744909286499,1
0.86522388458252,0.134776085615158,1
0.960346877574921,0.039653155952692,1
0.0309645663946867,0.969035387039185,1
0.430398285388947,0.569601714611053,0
0.0533436872065067,0.946656286716461,1
0.137388899922371,0.862611055374146,0
0.994185507297516,0.00581449409946799,0
0.0206673946231604,0.979332625865936,1
0.196003034710884,0.803996920585632,0
0.0828807950019836,0.917119204998016,1
0.0890409722924232,0.910959005355835,1
0.141200229525566,0.858799695968628,0
0.256409347057343,0.743590652942657,1
0.0253522153943777,0.974647760391235,1
0.0187106598168612,0.981289327144623,1
0.0437257811427116,0.956274271011353,1
0.046332236379385,0.953667819499969,0
0.835947871208191,0.164052128791809,0
0.0111034167930484,0.988896608352661,1
0.929274439811707,0.0707255825400352,0
0.243920981884003,0.756079018115997,0
0.465090125799179,0.534909904003143,1
0.160371914505959,0.839628040790558,1
0.654075443744659,0.345924496650696,0
0.0639754086732864,0.93602454662323,0
0.890283226966858,0.109716817736626,1
0.53970068693161,0.46029931306839,0
0.283271223306656,0.716728806495667,1
0.0792889893054962,0.920710980892181,1
0.00803113915026188,0.991968810558319,0
0.796394884586334,0.203605145215988,1
0.258982390165329,0.741017580032349,1
0.516758441925049,0.483241558074951,0
0.00813945475965738,0.991860568523407,0
0.53136795759201,0.468632072210312,0
0.0190325938165188,0.980967342853546,0
0.263130873441696,0.736869096755981,0
0.379049777984619,0.620950162410736,0
0.692299246788025,0.307700783014297,0
0.0257531516253948,0.974246799945831,1
0.0240535978227854,0.975946426391602,1
0.00280639971606433,0.99719363451004,1
0.838495969772339,0.161504045128822,0
0.0242932587862015,0.975706696510315,1
0.911343395709991,0.0886565670371056,1
0.983197450637817,0.0168025586754084,1
0.473382890224457,0.526617169380188,1
0.637474119663239,0.362525880336761,1
0.0420010574162006,0.957998991012573,1
0.994447827339172,0.00555216753855348,0
0.451372742652893,0.548627316951752,1
0.9877849817276,0.0122150285169482,0
0.0294570457190275,0.970543026924133,1
0.174093022942543,0.825907051563263,0
0.962971448898315,0.0370285473763943,0
0.955855965614319,0.0441440530121326,1
0.748217165470123,0.251782834529877,0
0.0922864675521851,0.90771347284317,1
0.973804950714111,0.0261950101703405,0
0.120930641889572,0.879069328308105,0
0.952653646469116,0.0473463125526905,1
0.00314636388793588,0.996853649616241,1
0.639248907566071,0.360751122236252,1
0.0139905298128724,0.986009478569031,1
0.302491456270218,0.697508573532104,0
0.995618760585785,0.00438127154484391,0
0.59237015247345,0.407629907131195,0
0.649076700210571,0.350923329591751,1
0.717048406600952,0.282951593399048,0
0.0226453952491283,0.97735458612442,1
0.404525548219681,0.595474421977997,0
0.00248412066139281,0.997515916824341,1
0.0308791752904654,0.969120800495148,0
0.723151206970215,0.27684885263443,1
0.0914776474237442,0.908522367477417,1
0.787905991077423,0.212094083428383,0
0.563898742198944,0.436101347208023,0
0.997424960136414,0.00257503101602197,0
0.468886971473694,0.531113028526306,0
0.0300978738814592,0.969902157783508,1
0.952422082424164,0.0475779548287392,1
0.809222638607025,0.190777346491814,0
0.0485640577971935,0.951435923576355,0
0.36816731095314,0.631832718849182,1
0.129203200340271,0.870796740055084,1
0.945240199565887,0.0547598078846931,1
0.998059332370758,0.00194069440476596,0
0.543121933937073,0.45687809586525,0
0.0994837954640388,0.900516152381897,0
0.0195969082415104,0.980403065681458,0
0.104272648692131,0.895727276802063,1
0.814324021339417,0.185676008462906,0
0.304596394300461,0.695403635501862,0
0.427741885185242,0.572258114814758,1
0.00729981251060963,0.992700159549713,1
0.945152997970581,0.0548469573259354,1
0.117912471294403,0.882087469100952,0
0.0621503293514252,0.937849700450897,1
0.965608060359955,0.0343919582664967,1
0.0214266218245029,0.978573381900787,0
0.837360501289368,0.162639543414116,0
0.359502792358398,0.640497207641602,0
0.71459949016571,0.285400480031967,0
0.211973249912262,0.788026750087738,0
0.630499601364136,0.369500398635864,0
0.180924609303474,0.819075405597687,0
0.806393206119537,0.193606719374657,0
0.313359379768372,0.686640620231628,0
0.762801706790924,0.237198352813721,1
0.926501572132111,0.073498509824276,0
0.868393003940582,0.131606981158257,0
0.850494086742401,0.149505913257599,0
0.0221133530139923,0.97788667678833,0
0.821612119674683,0.178387865424156,1
0.939242541790009,0.0607574246823788,0
0.673039615154266,0.326960444450378,1
0.631929814815521,0.368070214986801,1
0.769870460033417,0.2301294952631,0
0.153552860021591,0.846447169780731,1
0.203414812684059,0.796585202217102,1
0.975111782550812,0.0248881690204144,0
0.218079641461372,0.781920433044434,0
0.45761051774025,0.542389452457428,0
0.0402334295213223,0.959766507148743,0
0.568236887454987,0.431763201951981,1
0.981420695781708,0.0185793340206146,0
0.680086016654968,0.319914013147354,1
0.0969419255852699,0.903057992458344,1
0.0847719758749008,0.915227949619293,1
0.975898385047913,0.0241015516221523,0
0.929482161998749,0.0705177932977676,1
0.0908219590783119,0.909178078174591,0
0.0657674893736839,0.934232473373413,0
0.0343111976981163,0.965688765048981,1
0.121008045971394,0.878991961479187,1
0.271670550107956,0.728329539299011,1
0.0455794334411621,0.954420626163483,0
0.846115291118622,0.153884693980217,0
0.284139275550842,0.715860664844513,1
0.0432116650044918,0.956788301467896,0
0.846195876598358,0.153804138302803,1
0.376919060945511,0.623080968856812,1
0.997381746768951,0.00261818990111351,0
0.0519033446907997,0.948096632957458,1
0.221231564879417,0.778768360614777,0
0.55536299943924,0.44463700056076,1
0.463562279939651,0.536437690258026,1
0.00590690411627293,0.994093120098114,0
0.0147032402455807,0.985296785831451,1
0.0275362208485603,0.97246378660202,1
0.0187115333974361,0.981288433074951,0
0.998518049716949,0.00148200115654618,0
0.46786105632782,0.532138884067535,0
0.914206206798553,0.0857938006520271,0
0.836476981639862,0.163522943854332,1
0.975760579109192,0.0242393482476473,0
0.0927451029419899,0.907254934310913,1
0.1566361784935,0.843363881111145,0
0.996859788894653,0.0031401957385242,1
0.73905998468399,0.26094001531601,1
0.0610588863492012,0.938941121101379,0
0.523847877979279,0.476152151823044,0
0.880494296550751,0.119505763053894,1
0.00187435676343739,0.998125612735748,0
0.957890450954437,0.0421095453202724,0
0.914770185947418,0.0852298215031624,1
0.608114957809448,0.391885071992874,1
0.996360242366791,0.00363979791291058,1
0.990414381027222,0.00958553329110146,1
0.00909901596605778,0.990900993347168,1
0.0210896451026201,0.978910386562347,0
0.987358331680298,0.0126417297869921,0
0.984464466571808,0.0155355371534824,0
0.857489585876465,0.142510369420052,1
0.138151049613953,0.861849009990692,1
0.942937195301056,0.057062815874815,1
0.0241113137453794,0.975888669490814,1
0.0347247049212456,0.965275287628174,1
0.935339450836182,0.0646605342626572,0
0.605203032493591,0.394796967506409,1
0.0496814548969269,0.950318515300751,1
0.952342808246613,0.0476571507751942,0
0.273446053266525,0.726553916931152,0
0.997171580791473,0.0028285002335906,1
0.552997767925262,0.447002291679382,1
0.0761906504631042,0.923809289932251,1
0.96448826789856,0.0355117358267307,1
0.992581367492676,0.00741857988759875,1
0.618362307548523,0.381637632846832,1
0.972763299942017,0.0272367279976606,0
0.00813180860131979,0.991868197917938,1
0.223734676837921,0.776265323162079,0
0.201034709811211,0.798965275287628,1
0.0237527787685394,0.976247191429138,0
0.25010758638382,0.749892354011536,0
0.10372756421566,0.896272420883179,0
0.827196598052979,0.172803431749344,0
0.019930562004447,0.980069398880005,1
0.993998408317566,0.00600155582651496,0
0.00711030419915915,0.992889642715454,0
0.691290259361267,0.308709740638733,1
0.969696998596191,0.0303030889481306,0
0.859494805335999,0.140505239367485,1
0.975713491439819,0.0242865066975355,0
0.0994997173547745,0.900500297546387,1
0.957937061786652,0.0420628972351551,0
0.288821429014206,0.711178600788116,1
0.205652326345444,0.794347703456879,1
0.0372907817363739,0.962709188461304,0
0.425951212644577,0.574048757553101,1
0.950196981430054,0.0498029515147209,0
0.830238938331604,0.169761091470718,0
0.395079404115677,0.604920566082001,0
0.644008815288544,0.355991184711456,0
0.953331589698792,0.046668354421854,0
0.0795287862420082,0.920471251010895,1
0.408227413892746,0.591772556304932,1
0.077334351837635,0.92266571521759,0
0.0878665670752525,0.912133514881134,1
0.857339799404144,0.142660185694695,1
0.985799074172974,0.0142009351402521,0
0.109279565513134,0.890720427036285,1
0.767602860927582,0.232397139072418,0
0.45965975522995,0.54034024477005,1
0.127661868929863,0.872338175773621,0
0.713457703590393,0.286542296409607,1
0.925780355930328,0.074219636619091,1
0.979064404964447,0.0209355838596821,0
0.248329848051071,0.751670241355896,0
0.722135603427887,0.277864396572113,0
0.920055091381073,0.0799448564648628,1
0.288952976465225,0.711046993732452,1
0.660649955272675,0.33935010433197,1
0.932538509368896,0.0674614757299423,1
0.0331061109900475,0.966893911361694,1
0.942090034484863,0.0579099990427494,0
0.95605593919754,0.0439440160989761,0
0.0053592836484313,0.994640707969666,1
0.998155772686005,0.0018441709689796,0
0.234677195549011,0.765322744846344,1
0.0179367773234844,0.982063174247742,1
0.85961526632309,0.140384763479233,0
0.908273696899414,0.0917262583971024,1
0.637666165828705,0.362333834171295,0
0.621081531047821,0.378918498754501,0
0.202094346284866,0.797905683517456,1
0.695450007915497,0.304549932479858,1
0.196242406964302,0.803757667541504,0
0.99821138381958,0.00178866367787123,0
0.929454445838928,0.0705455541610718,1
0.908611238002777,0.0913887992501259,1
0.944776356220245,0.055223636329174,1
0.998395979404449,0.00160398846492171,1
0.411609262228012,0.58839076757431,1
0.864688098430634,0.135311961174011,0
0.741957426071167,0.258042603731155,0
0.964384078979492,0.0356159768998623,0
0.928733110427856,0.0712669491767883,0
0.886085510253906,0.113914482295513,0
0.00919709540903568,0.990802884101868,0
0.99697208404541,0.00302789104171097,1
0.0231208205223083,0.976879179477692,1
0.0612034983932972,0.938796520233154,0
0.222948059439659,0.77705192565918,0
0.986095070838928,0.0139049356803298,0
0.0801690369844437,0.919830918312073,1
0.459698796272278,0.540301203727722,1
0.129780367016792,0.870219588279724,1
0.870623052120209,0.12937693297863,1
0.0977660268545151,0.902233958244324,0
0.939511954784393,0.0604880526661873,0
0.15696981549263,0.843030154705048,1
0.81314092874527,0.186859056353569,1
0.441259831190109,0.558740139007568,1
0.522662341594696,0.477337718009949,0
0.00137609476223588,0.998623967170715,1
0.177482783794403,0.822517216205597,1
0.423136651515961,0.576863348484039,1
0.997167885303497,0.00283206067979336,0
0.00438035791739821,0.995619595050812,1
0.926545321941376,0.0734546780586243,0
0.00308468635194004,0.996915340423584,0
0.7640380859375,0.235961958765984,0
0.00146417412906885,0.998535871505737,1
0.18367226421833,0.816327691078186,1
0.0820663943886757,0.917933642864227,0
0.0185197796672583,0.981480181217194,1
0.0665681287646294,0.933431804180145,1
0.611809015274048,0.388191014528275,0
0.997838795185089,0.00216121017001569,1
0.988994419574738,0.0110055543482304,0
0.147332578897476,0.852667331695557,1
0.948971033096313,0.0510289631783962,1
0.92556893825531,0.0744310468435287,1
0.0018705950351432,0.998129427433014,1
0.145190715789795,0.85480934381485,1
0.147066220641136,0.852933764457703,0
0.0618309415876865,0.938169121742249,1
0.0214763581752777,0.9785236120224,1
0.989059209823608,0.0109407482668757,1
0.051318347454071,0.948681592941284,1
0.988447248935699,0.0115527184680104,0
0.996277034282684,0.00372289656661451,0
0.00782218854874372,0.992177784442902,1
0.977270901203156,0.0227291528135538,0
0.0884027779102325,0.91159725189209,1
0.119551792740822,0.880448222160339,1
0.974905014038086,0.0250950027257204,0
0.984277904033661,0.0157220624387264,0
0.712237775325775,0.287762224674225,1
0.828633964061737,0.171366035938263,0
0.00384956481866539,0.996150493621826,0
0.0137725081294775,0.986227452754974,1
0.0685609206557274,0.93143904209137,0
0.0646718218922615,0.935328185558319,0
0.11735512316227,0.882644832134247,0
0.86190664768219,0.138093426823616,1
0.175660729408264,0.824339210987091,0
0.872980296611786,0.127019762992859,0
0.121708273887634,0.878291726112366,0
0.60607922077179,0.39392077922821,1
0.225933372974396,0.774066627025604,1
0.00942445453256369,0.990575551986694,1
0.0119015108793974,0.988098442554474,1
0.452315241098404,0.547684729099274,0
0.0257015731185675,0.974298417568207,0
0.947605550289154,0.0523944310843945,0
0.295954406261444,0.704045653343201,1
0.0111410552635789,0.988858938217163,0
0.84678441286087,0.153215602040291,1
0.0588471628725529,0.941152811050415,1
0.289957821369171,0.710042178630829,1
0.0384239926934242,0.961575984954834,1
0.0352152660489082,0.964784681797028,1
0.130671098828316,0.869328856468201,0
0.333966761827469,0.666033208370209,1
0.106892429292202,0.89310759305954,1
0.451233834028244,0.548766136169434,0
0.0329065322875977,0.967093408107758,1
0.0348631031811237,0.965136885643005,1
0.712312161922455,0.287687838077545,1
0.980664849281311,0.0193351153284311,0
0.0721353515982628,0.927864611148834,1
0.817355334758759,0.182644665241241,0
0.017983665689826,0.982016265392303,1
0.0600921586155891,0.939907848834991,1
0.046528123319149,0.953471839427948,1
0.880922555923462,0.11907746642828,1
0.988881528377533,0.0111184418201447,0
0.885035753250122,0.114964224398136,1
0.00339462584815919,0.996605396270752,1
0.00427034264430404,0.995729625225067,1
0.0042742514051497,0.995725750923157,1
0.112744517624378,0.887255430221558,0
0.919097065925598,0.080902986228466,0
0.891307473182678,0.108692571520805,0
0.173045888543129,0.826954066753387,0
0.247627526521683,0.752372443675995,0
0.593242228031158,0.406757742166519,0
0.00283654476515949,0.997163474559784,1
0.747090876102448,0.252909153699875,1
0.810069680213928,0.189930304884911,0
0.197230994701385,0.802769005298615,1
0.981581568717957,0.0184183586388826,0
0.863250017166138,0.136749982833862,1
0.0707588791847229,0.929241120815277,1
0.871271967887878,0.128728106617928,0
0.297111034393311,0.702888965606689,0
0.776126265525818,0.223873734474182,1
0.0436315461993217,0.956368446350098,1
0.85874742269516,0.141252607107162,1
0.378884077072144,0.621115922927856,1
0.267688870429993,0.732311129570007,1
0.0801005661487579,0.91989940404892,0
0.989890336990356,0.0101096415892243,1
0.101177632808685,0.89882230758667,0
0.113361924886703,0.886638104915619,0
0.728730380535126,0.271269649267197,0
0.997098565101624,0.00290150591172278,0
0.00567541876807809,0.994324505329132,0
0.0364936590194702,0.96350634098053,0
0.187405943870544,0.8125941157341,0
0.378807812929153,0.621192216873169,1
0.399455934762955,0.600544095039368,0
0.0769390016794205,0.923061072826385,1
0.794788956642151,0.205210998654366,0
0.0817427784204483,0.918257176876068,1
0.370138108730316,0.629861891269684,0
0.221249610185623,0.778750360012054,0
0.0469503737986088,0.953049600124359,0
0.376862704753876,0.623137295246124,1
0.776182532310486,0.223817452788353,1
0.00805234257131815,0.991947710514069,0
0.00372377084568143,0.996276259422302,1
0.979821562767029,0.0201783906668425,1
0.95763099193573,0.0423690676689148,0
0.147901490330696,0.85209846496582,1
0.305032998323441,0.694967031478882,0
0.205324798822403,0.794675171375275,0
0.405433863401413,0.594566106796265,0
0.899088501930237,0.100911498069763,0
0.804343342781067,0.195656657218933,0
0.0634194016456604,0.93658059835434,1
0.00251076463609934,0.997489213943481,0
0.0905660092830658,0.909433960914612,0
0.813321709632874,0.186678364872932,1
0.00905185472220182,0.990948140621185,0
0.73613578081131,0.26386421918869,0
0.531538605690002,0.468461364507675,1
0.00973011180758476,0.990269899368286,0
0.00137990969233215,0.99862003326416,1
0.893640875816345,0.106359109282494,0
0.167155116796494,0.832844913005829,0
0.051410861313343,0.948589146137238,1
0.164103999733925,0.835896015167236,1
0.0316315144300461,0.968368470668793,1
0.318311095237732,0.681688904762268,0
0.958494305610657,0.04150565341115,0
0.144533529877663,0.855466425418854,1
0.407135367393494,0.592864632606506,1
0.00321348151192069,0.99678647518158,1
0.00634215166792274,0.993657886981964,0
0.588987946510315,0.41101211309433,0
0.0410305000841618,0.958969533443451,1
0.457149595022202,0.542850375175476,1
0.375111520290375,0.624888479709625,1
0.934305727481842,0.0656943097710609,1
0.856568098068237,0.143431916832924,0
0.924770295619965,0.0752296596765518,0
0.32421663403511,0.675783336162567,0
0.382860988378525,0.617138981819153,1
0.908737421035767,0.0912625193595886,0
0.502547919750214,0.497452139854431,0
0.972534716129303,0.0274652633816004,0
0.887279748916626,0.112720295786858,0
0.417552560567856,0.582447469234467,0
0.12432836741209,0.875671565532684,0
0.972526848316193,0.0274731740355492,0
0.999410390853882,0.000589593313634396,1
0.269593864679337,0.730406165122986,0
0.117015808820724,0.882984220981598,1
0.93171638250351,0.0682836547493935,0
0.59213250875473,0.40786749124527,0
0.0358666628599167,0.964133322238922,1
0.870308816432953,0.129691168665886,1
0.150286629796028,0.849713325500488,1
0.607228100299835,0.392771869897842,1
0.666158437728882,0.333841532468796,1
0.996569514274597,0.00343052158132195,0
0.0132284974679351,0.986771523952484,1
0.91404116153717,0.0859588384628296,0
0.641163229942322,0.358836799860001,1
0.905817270278931,0.0941827669739723,1
0.801738142967224,0.198261797428131,1
0.0010303579038009,0.998969674110413,1
0.305342078208923,0.694657862186432,1
0.932612299919128,0.0673877224326134,0
0.959168970584869,0.0408310182392597,1
0.162839412689209,0.837160587310791,1
0.0465744957327843,0.953425467014313,0
0.61744612455368,0.382553905248642,1
0.00338106462731957,0.996618866920471,0
0.0284281559288502,0.971571862697601,1
0.0335108786821365,0.966489195823669,1
0.457330882549286,0.542669117450714,1
0.999081373214722,0.000918638135772198,0
0.99496978521347,0.00503026833757758,0
0.996105849742889,0.00389415514655411,1
0.0140679776668549,0.985931992530823,1
0.960149049758911,0.0398509800434113,0
0.0467024594545364,0.95329749584198,0
0.481586337089539,0.518413603305817,1
0.232230350375175,0.767769634723663,0
0.996783494949341,0.00321644428186119,0
0.807148635387421,0.192851319909096,0
0.000479237176477909,0.999520778656006,1
0.788083136081696,0.211916893720627,1
0.0461606495082378,0.953839361667633,0
0.0120448730885983,0.987955093383789,1
0.208646669983864,0.791353344917297,0
0.275592386722565,0.724407613277435,0
0.117811888456345,0.882188141345978,0
0.118573285639286,0.881426632404327,0
0.213891386985779,0.786108613014221,0
0.0541309788823128,0.945869028568268,0
0.536644279956818,0.463355749845505,1
0.00105672306381166,0.998943269252777,0
0.00382105563767254,0.996178984642029,1
0.00100759067572653,0.998992383480072,1
0.58804577589035,0.411954194307327,0
0.0306457541882992,0.969354212284088,0
0.592943668365479,0.407056361436844,0
0.592283189296722,0.407716810703278,0
0.977860867977142,0.0221391133964062,0
0.0302766561508179,0.969723284244537,1
0.371584117412567,0.628415882587433,1
0.696663737297058,0.303336292505264,1
0.00487610045820475,0.99512392282486,1
0.0253360942006111,0.974663972854614,1
0.979119479656219,0.0208805613219738,0
0.0274231880903244,0.972576797008514,1
0.0667058825492859,0.933294117450714,1
0.630019843578339,0.369980156421661,0
0.660219013690948,0.339780956506729,1
0.00486670574173331,0.995133221149445,1
0.572358548641205,0.427641421556473,0
0.999132931232452,0.000867141177877784,0
0.991009116172791,0.00899086520075798,0
0.265805423259735,0.73419451713562,0
0.986481308937073,0.0135187255218625,0
0.0118294907733798,0.988170504570007,1
0.979396462440491,0.020603571087122,1
0.134655445814133,0.86534458398819,0
0.0376281924545765,0.96237176656723,1
0.463942587375641,0.536057412624359,1
0.0817328318953514,0.918267130851746,0
0.873840987682343,0.126158997416496,1
0.0964521318674088,0.903547883033752,1
0.742986559867859,0.257013499736786,1
0.795801103115082,0.204198852181435,1
0.925665438175201,0.0743345245718956,0
0.189419612288475,0.810580372810364,0
0.725692510604858,0.274307429790497,0
0.71031790971756,0.28968209028244,1
0.0896534249186516,0.910346567630768,1
0.369276016950607,0.630724012851715,1
0.987918794155121,0.0120812775567174,0
0.718401551246643,0.281598478555679,0
0.017248434945941,0.982751548290253,1
0.139046594500542,0.860953390598297,1
0.101888388395309,0.898111641407013,1
0.0940610766410828,0.905938863754272,1
0.601315140724182,0.398684829473495,0
0.998223602771759,0.00177643727511168,0
0.385030388832092,0.614969611167908,1
0.904414296150208,0.0955856963992119,0
0.233527392148972,0.766472578048706,0
0.993840157985687,0.00615989230573177,0
0.220609486103058,0.779390513896942,1
0.636188745498657,0.363811284303665,1
0.451751381158829,0.548248589038849,0
0.231109097599983,0.768890976905823,0
0.487084954977036,0.512915074825287,1
0.0151045452803373,0.984895467758179,1
0.984948456287384,0.0150515986606479,0
0.960047364234924,0.0399525798857212,0
0.587085664272308,0.412914365530014,1
0.693341314792633,0.306658744812012,1
0.147204399108887,0.852795660495758,1
0.0064170085825026,0.993583023548126,1
0.995578229427338,0.00442172260954976,0
0.00809213798493147,0.991907835006714,1
0.63365113735199,0.366348952054977,0
0.974901258945465,0.0250987596809864,0
0.697336673736572,0.30266335606575,1
0.0599257834255695,0.940074145793915,1
0.464928388595581,0.535071611404419,0
0.348364800214767,0.65163516998291,1
0.966258645057678,0.033741407096386,0
0.159795820713043,0.840204179286957,0
0.00501725124195218,0.994982719421387,1
0.956025421619415,0.0439745225012302,0
0.854160845279694,0.1458390802145,0
0.528421938419342,0.471578061580658,0
0.930264413356781,0.069735623896122,0
0.714392185211182,0.285607814788818,0
0.213427782058716,0.786572217941284,0
0.992746412754059,0.00725360075011849,0
0.673712968826294,0.326287090778351,0
0.57858020067215,0.42141979932785,1
0.247789829969406,0.752210199832916,0
0.601413130760193,0.398586839437485,1
0.437620252370834,0.562379717826843,0
0.491983145475388,0.508016884326935,1
0.977603435516357,0.0223965868353844,1
0.768576502799988,0.231423482298851,1
0.693447649478912,0.306552320718765,1
0.949998915195465,0.0500010550022125,0
0.884711146354675,0.115288816392422,1
0.638492405414581,0.361507564783096,0
0.725092649459839,0.274907290935516,1
0.91850209236145,0.0814978703856468,1
0.260532140731812,0.739467859268188,1
0.15663106739521,0.843368947505951,1
0.0165663380175829,0.983433604240417,1
0.968692660331726,0.0313073471188545,1
0.997188746929169,0.00281121139414608,0
0.627804040908813,0.372195929288864,0
0.996599018573761,0.00340103474445641,0
0.427579969167709,0.572420060634613,0
0.745637834072113,0.254362195730209,0
0.48419463634491,0.515805304050446,1
0.232679888606071,0.767320096492767,1
0.99297684431076,0.0070231189019978,1
0.875339448451996,0.124660566449165,0
0.989745080471039,0.0102549502626061,1
0.569528877735138,0.430471122264862,1
0.0259736366569996,0.974026322364807,1
0.853340446949005,0.146659508347511,1
0.000457118730992079,0.999542951583862,1
0.328237384557724,0.671762645244598,0
0.675366461277008,0.324633568525314,1
0.170256957411766,0.829743087291718,0
0.568457067012787,0.431542992591858,0
0.850949108600616,0.149050831794739,1
0.000536523060873151,0.999463498592377,0
0.017935374751687,0.982064545154572,0
0.100378088653088,0.899621903896332,0
0.826565563678741,0.17343445122242,1
0.996399283409119,0.00360068492591381,0
0.954612076282501,0.0453879274427891,0
0.162497967481613,0.837502062320709,1
0.936398923397064,0.0636010766029358,0
0.0157636180520058,0.984236359596252,0
0.748254239559174,0.251745790243149,0
0.0245007295161486,0.975499272346497,0
0.238703489303589,0.761296570301056,1
0.00138456630520523,0.998615384101868,1
0.0369986370205879,0.963001430034637,1
0.651577413082123,0.348422676324844,0
0.436323493719101,0.563676416873932,0
0.191340878605843,0.808659136295319,0
0.884727537631989,0.115272484719753,0
0.737689137458801,0.262310832738876,1
0.971862971782684,0.028136994689703,0
0.418208599090576,0.581791400909424,1
0.0268431976437569,0.973156809806824,1
0.822049856185913,0.177950114011765,1
0.961227893829346,0.0387721136212349,1
0.941302061080933,0.0586979687213898,0
0.928789973258972,0.071210078895092,0
0.785798788070679,0.214201226830482,1
0.875769972801208,0.12423000484705,1
0.972719550132751,0.0272803846746683,0
0.123488821089268,0.87651115655899,1
0.88155335187912,0.118446677923203,0
0.0116980141028762,0.988301932811737,1
0.0318818800151348,0.968118131160736,1
0.95928555727005,0.0407144613564014,1
0.00277343043126166,0.997226536273956,1
0.945402562618256,0.0545974299311638,0
0.0265200957655907,0.973479926586151,1
0.616446971893311,0.383553028106689,0
0.0629870966076851,0.937012910842896,0
0.909810662269592,0.0901893153786659,0
0.997351765632629,0.00264829210937023,0
0.399366140365601,0.600633800029755,1
0.243308037519455,0.756691932678223,0
0.339749455451965,0.660250604152679,0
0.725887477397919,0.274112612009048,0
0.998153746128082,0.00184618297498673,0
0.0315184071660042,0.968481600284576,1
0.611183285713196,0.388816714286804,0
0.856670141220093,0.143329933285713,0
0.03004883043468,0.969951152801514,0
0.61988753080368,0.380112528800964,1
0.00367191759869456,0.996328055858612,1
0.996713995933533,0.00328597356565297,0
0.963888645172119,0.0361113250255585,1
0.0303870998322964,0.969612896442413,1
0.592182815074921,0.407817155122757,0
0.852555334568024,0.147444695234299,1
0.130006313323975,0.869993686676025,1
0.0177758615463972,0.98222416639328,1
0.0783493742346764,0.921650648117065,1
0.00329892546869814,0.996701061725616,1
0.648039877414703,0.351960062980652,0
0.928769290447235,0.0712307393550873,0
0.98592084646225,0.014079112559557,0
0.957051277160645,0.0429486706852913,1
0.312724828720093,0.687275111675262,1
0.0733001455664635,0.926699876785278,1
0.0013091778382659,0.998690783977509,1
0.975363612174988,0.02463642321527,0
0.905670762062073,0.0943292379379272,1
0.000573578348848969,0.999426484107971,0
0.997381746768951,0.00261823879554868,0
0.0128979533910751,0.987101972103119,1
0.09873366355896,0.901266276836395,0
0.422795742750168,0.57720422744751,1
0.114961892366409,0.885038077831268,0
0.00436551496386528,0.995634496212006,0
0.352135449647903,0.647864639759064,1
0.54814887046814,0.451851099729538,1
0.211659044027328,0.788340926170349,1
0.0324849039316177,0.967515051364899,1
0.915884077548981,0.0841158851981163,0
0.656280815601349,0.343719094991684,1
0.0224588643759489,0.977541148662567,1
0.97899329662323,0.0210066996514797,0
0.993521392345428,0.00647862814366817,1
0.0157709941267967,0.9842289686203,0
0.0329983793199062,0.967001676559448,1
0.0866863206028938,0.913313686847687,1
0.0586091093719006,0.941390872001648,1
0.712497055530548,0.287502974271774,0
0.0419383756816387,0.958061575889587,0
0.000496462103910744,0.999503493309021,1
0.00319789117202163,0.996802091598511,1
0.634428679943085,0.365571349859238,0
0.985588610172272,0.0144113684073091,0
0.93476527929306,0.0652347356081009,1
0.299762010574341,0.700238049030304,1
0.189545601606369,0.810454368591309,0
0.280767470598221,0.719232499599457,0
0.046495221555233,0.953504800796509,1
0.102679751813412,0.897320210933685,0
0.887578725814819,0.1124212667346,0
0.127344280481339,0.872655689716339,0
0.0745906606316566,0.925409317016602,0
0.00401751836761832,0.995982527732849,1
0.450862795114517,0.549137115478516,1
0.021773274987936,0.978226721286774,0
0.81797844171524,0.182021483778954,0
0.993294239044189,0.00670579727739096,0
0.371591240167618,0.62840873003006,1
0.987210631370544,0.0127893509343266,0
0.763391554355621,0.236608475446701,0
0.842978417873383,0.157021567225456,0
0.995388865470886,0.00461113033816218,0
0.983725011348724,0.0162750016897917,0
0.129511088132858,0.870489001274109,1
0.26561114192009,0.734388828277588,0
0.00164702790789306,0.998353004455566,1
0.283375531435013,0.716624438762665,0
0.997968733310699,0.00203120824880898,1
0.679928719997406,0.320071339607239,1
0.863448977470398,0.136551022529602,0
0.998809218406677,0.00119075132533908,1
0.238234490156174,0.761765480041504,0
0.0804455950856209,0.919554471969604,0
0.853377282619476,0.14662279188633,1
0.357280343770981,0.642719626426697,0
0.961841881275177,0.0381580367684364,0
0.993263840675354,0.00673611089587212,0
0.0594055131077766,0.940594434738159,1
0.794079780578613,0.205920234322548,1
0.503224194049835,0.49677586555481,1
0.309889823198318,0.690110146999359,1
0.975687742233276,0.0243122205138206,1
0.786533713340759,0.213466256856918,1
0.000920721853617579,0.99907922744751,0
0.180838644504547,0.819161355495453,0
0.922085762023926,0.07791418582201,1
0.189518496394157,0.810481488704681,1
0.994882225990295,0.00511780148372054,0
0.997676312923431,0.00232365098781884,0
0.984145104885101,0.0158548876643181,1
0.989186465740204,0.0108134895563126,0
0.596831440925598,0.403168529272079,0
0.779583215713501,0.220416784286499,1
0.0361839942634106,0.963815987110138,0
0.92705237865448,0.0729475766420364,0
0.178429946303368,0.821570038795471,1
0.785955369472504,0.214044585824013,1
0.99198991060257,0.00801009219139814,1
0.00627635605633259,0.993723690509796,1
0.988472521305084,0.0115274805575609,0
0.633966147899628,0.366033881902695,1
0.505773723125458,0.494226276874542,1
0.992798209190369,0.0072017852216959,1
0.00599778769537807,0.994002163410187,0
0.531947791576385,0.468052238225937,1
0.884081602096558,0.115918472409248,1
0.00161398155614734,0.998386025428772,1
0.00659091444686055,0.993409156799316,0
0.00111777195706964,0.998882234096527,0
0.0214052945375443,0.978594720363617,0
0.219188660383224,0.780811369419098,0
0.968953251838684,0.0310467425733805,1
0.997864425182343,0.00213557481765747,1
0.903073012828827,0.0969270169734955,1
0.612216830253601,0.387783139944077,1
0.352196365594864,0.647803544998169,1
0.00323494197800756,0.99676501750946,1
0.00233601033687592,0.997663974761963,0
0.992542862892151,0.00745717342942953,0
0.00191919726785272,0.998080849647522,0
0.130918964743614,0.869081020355225,1
0.976205408573151,0.0237946454435587,0
0.00736648449674249,0.992633521556854,1
0.826871335506439,0.1731286495924,0
0.989137947559357,0.0108620366081595,0
0.211610794067383,0.788389205932617,0
0.858818650245667,0.141181334853172,1
0.00535755325108767,0.994642496109009,0
0.910617649555206,0.0893823280930519,0
0.340284287929535,0.65971565246582,1
0.972644686698914,0.0273553058505058,0
0.254030674695969,0.745969295501709,1
0.000655666925013065,0.999344289302826,1
0.998065769672394,0.00193420669529587,0
0.00397082325071096,0.996029257774353,0
0.00535833043977618,0.994641661643982,0
0.0799546018242836,0.920045435428619,0
0.999270260334015,0.000729754392523319,1
0.0160444602370262,0.983955562114716,1
0.0222669579088688,0.977733016014099,0
0.671832144260406,0.328167885541916,0
0.913912892341614,0.0860870778560638,1
0.243592545390129,0.756407380104065,0
0.219465479254723,0.780534505844116,0
0.762911677360535,0.237088367342949,1
0.903277099132538,0.096722848713398,0
0.79491263628006,0.205087408423424,0
0.00735494866967201,0.992645025253296,0
0.809723019599915,0.190276980400085,0
0.361805438995361,0.638194561004639,0
0.786677658557892,0.213322415947914,1
0.786042749881744,0.213957250118256,1
0.696184813976288,0.303815186023712,0
0.183562427759171,0.816437602043152,1
0.000688779982738197,0.999311208724976,1
0.323699563741684,0.676300466060638,0
0.937702119350433,0.0622979402542114,0
0.899199903011322,0.100800089538097,0
0.727762401103973,0.272237598896027,0
0.3956039249897,0.604396104812622,1
0.865273177623749,0.134726822376251,1
0.233528062701225,0.766471982002258,0
0.93875789642334,0.0612421482801437,1
0.0914991870522499,0.908500850200653,0
0.0549638941884041,0.945036053657532,1
0.050356674939394,0.949643313884735,0
0.754776895046234,0.245223060250282,0
0.893516302108765,0.106483668088913,1
0.707100629806519,0.292899340391159,1
0.173154771327972,0.826845228672028,0
0.183804795145988,0.816195249557495,0
0.996277749538422,0.00372219644486904,0
0.335305452346802,0.664694547653198,1
0.619923174381256,0.380076855421066,1
0.419278860092163,0.580721199512482,1
0.694343388080597,0.305656611919403,0
0.618517458438873,0.381482511758804,1
0.96953409910202,0.0304658245295286,1
0.0758809000253677,0.924119114875793,1
0.321822673082352,0.678177356719971,1
0.95265406370163,0.0473459511995316,0
0.98623925447464,0.0137606728821993,0
0.606208980083466,0.393790990114212,0
0.101267576217651,0.898732364177704,1
0.00403553154319525,0.995964407920837,1
0.325064152479172,0.674935877323151,0
0.0562161430716515,0.94378387928009,1
0.993225157260895,0.00677480874583125,1
0.762663841247559,0.237336233258247,1
0.247960925102234,0.752039074897766,0
0.9798504114151,0.020149564370513,1
0.313807815313339,0.686192154884338,1
0.992843329906464,0.00715667381882668,1
0.338277518749237,0.661722481250763,1
0.00977981183677912,0.990220189094543,1
0.599530220031738,0.400469750165939,0
0.36285725235939,0.637142717838287,1
0.270314991474152,0.729685008525848,1
0.188953697681427,0.811046302318573,0
0.728426456451416,0.271573543548584,0
0.00605149334296584,0.993948459625244,0
0.596592485904694,0.403407573699951,1
0.735033869743347,0.264966160058975,0
0.0189611949026585,0.981038808822632,0
0.955589175224304,0.0444108098745346,0
0.984304368495941,0.0156956482678652,0
0.437498956918716,0.562501072883606,1
0.0247249361127615,0.975275039672852,1
0.801238119602203,0.198761940002441,0
0.0316422991454601,0.968357741832733,1
0.0779950246214867,0.922004997730255,0
0.126248762011528,0.873751282691956,1
0.704755485057831,0.295244485139847,1
0.509594619274139,0.490405440330505,1
0.495166957378387,0.504832983016968,0
0.486428678035736,0.513571321964264,1
0.802492260932922,0.1975077688694,1
0.00235876045189798,0.997641205787659,1
0.987373173236847,0.0126268221065402,1
0.135094255208969,0.864905714988708,1
0.998950183391571,0.00104981753975153,1
0.398689538240433,0.601310431957245,0
0.138552725315094,0.861447274684906,1
0.497703433036804,0.502296507358551,1
0.387146323919296,0.612853705883026,1
0.95376193523407,0.0462381057441235,1
0.0880594179034233,0.911940634250641,0
0.945360243320465,0.0546397678554058,1
0.0258895177394152,0.97411048412323,1
0.328361302614212,0.67163872718811,0
0.0255579929798841,0.974442005157471,0
0.41733181476593,0.58266818523407,0
0.915092408657074,0.0849076583981514,1
0.98480761051178,0.0151923578232527,0
0.123093135654926,0.876906871795654,1
0.856332123279572,0.143667861819267,0
0.0716874450445175,0.928312540054321,0
0.359161704778671,0.640838325023651,1
0.995919287204742,0.00408077146857977,0
0.619588196277618,0.380411773920059,0
0.993244588375092,0.00675538927316666,0
0.980364084243774,0.0196358505636454,0
0.590253949165344,0.409746021032333,0
0.0479301549494267,0.952069818973541,0
0.810781121253967,0.189218893647194,1
0.550174653530121,0.449825286865234,0
0.244165971875191,0.75583404302597,1
0.940591096878052,0.0594088993966579,1
0.00779697857797146,0.992202997207642,1
0.00351965706795454,0.996480405330658,1
0.125980168581009,0.874019801616669,0
0.0559229999780655,0.944076955318451,0
0.360692530870438,0.639307498931885,1
0.718516528606415,0.281483471393585,0
0.904351890087128,0.0956481248140335,1
0.998739182949066,0.00126086222007871,0
0.984857439994812,0.0151425423100591,0
0.911579489707947,0.0884204655885696,1
0.996263682842255,0.00373634672723711,0
0.545936822891235,0.454063177108765,1
0.0838457643985748,0.916154265403748,1
0.208864644169807,0.791135311126709,0
0.0129483668133616,0.987051606178284,1
0.105119310319424,0.894880712032318,0
0.953101873397827,0.0468981489539146,0
0.328958511352539,0.671041429042816,0
0.0629201605916023,0.937079906463623,1
0.0686143040657043,0.931385695934296,0
0.140120565891266,0.859879434108734,0
0.0249335709959269,0.975066483020782,1
0.0578931272029877,0.94210684299469,1
0.878397464752197,0.121602490544319,1
0.572425365447998,0.427574634552002,1
0.0768015086650848,0.923198461532593,1
0.556054830551147,0.443945109844208,1
0.122348636388779,0.877651393413544,1
0.654656529426575,0.34534353017807,0
0.98370772600174,0.0162923261523247,1
0.0901640430092812,0.909835934638977,0
0.436114698648453,0.563885271549225,1
0.955965936183929,0.0440340079367161,0
0.946542739868164,0.0534573048353195,0
0.0468596927821636,0.953140318393707,0
0.686401844024658,0.313598185777664,1
0.216573715209961,0.783426344394684,1
0.549081563949585,0.450918406248093,0
0.00523288547992706,0.994767069816589,1
0.0436178669333458,0.956382095813751,0
0.951796293258667,0.0482037030160427,0
0.934702694416046,0.0652973055839539,0
0.991155743598938,0.0088442862033844,0
0.0997108370065689,0.900289177894592,1
0.358111053705215,0.641888976097107,1
0.0175576992332935,0.982442259788513,1
0.921628773212433,0.0783712193369865,1
0.270972639322281,0.729027330875397,0
0.395389199256897,0.604610860347748,1
0.995426893234253,0.004573043435812,0
0.0500782988965511,0.949921786785126,1
0.996606469154358,0.00339355319738388,0
0.495200872421265,0.504799067974091,1
0.774306058883667,0.225693926215172,1
0.628973126411438,0.371026873588562,1
0.990405082702637,0.00959489028900862,1
0.235601663589478,0.764398336410522,0
0.0069098137319088,0.993090212345123,1
0.744647562503815,0.25535249710083,0
0.681605637073517,0.318394362926483,0
0.989304184913635,0.0106958262622356,0
0.0569745786488056,0.943025410175323,0
0.00335115427151322,0.996648848056793,0
0.847006261348724,0.15299366414547,1
0.641045570373535,0.358954429626465,0
0.242752283811569,0.757247686386108,1
0.0845000222325325,0.915499985218048,1
0.900538980960846,0.0994610339403152,1
0.758423030376434,0.241576939821243,0
0.613848030567169,0.386152029037476,0
0.999242901802063,0.000757105008233339,0
0.0659466981887817,0.934053361415863,0
0.357698529958725,0.642301440238953,1
0.427027344703674,0.572972655296326,1
0.979471564292908,0.0205283630639315,0
0.213676854968071,0.786323070526123,1
0.857949495315552,0.142050504684448,1
0.324239581823349,0.675760388374329,1
0.557432949542999,0.442567050457001,0
0.0324083007872105,0.96759170293808,1
0.538628399372101,0.461371600627899,0
0.0638452172279358,0.936154782772064,1
0.43728631734848,0.562713742256165,0
0.248371750116348,0.751628279685974,0
0.996587157249451,0.00341282901354134,0
0.346298187971115,0.653701841831207,1
0.13488182425499,0.865118145942688,1
0.0922456830739975,0.907754361629486,0
0.318509668111801,0.681490302085876,0
0.462839752435684,0.537160217761993,0
0.0417170003056526,0.958283007144928,1
0.00609826995059848,0.99390172958374,0
0.990300297737122,0.00969970040023327,0
0.581214547157288,0.41878542304039,1
0.19566398859024,0.804336071014404,0
0.144424811005592,0.855575144290924,1
0.413908720016479,0.586091220378876,0
0.488115966320038,0.511884033679962,0
0.0416505225002766,0.958349466323853,0
0.856150925159454,0.143849089741707,1
0.106259934604168,0.893739998340607,0
0.344002336263657,0.655997633934021,0
0.331069260835648,0.66893070936203,0
0.161065325140953,0.838934600353241,1
0.947743892669678,0.0522560849785805,1
0.684795498847961,0.315204471349716,1
0.00702514173462987,0.992974877357483,1
0.464707553386688,0.535292387008667,0
0.151013195514679,0.848986864089966,1
0.976629853248596,0.0233701560646296,1
0.0881734415888786,0.911826550960541,0
0.951831519603729,0.0481684841215611,1
0.18327397108078,0.81672602891922,1
0.0180844645947218,0.981915473937988,1
0.296031922101974,0.703968048095703,1
0.989214599132538,0.0107854064553976,1
0.823715329170227,0.176284700632095,0
0.946342706680298,0.0536572970449924,0
0.483346730470657,0.516653299331665,0
0.017920883372426,0.982079029083252,1
0.617331027984619,0.382668882608414,1
0.679677307605743,0.320322692394257,1
0.0207269303500652,0.979273080825806,1
0.748944699764252,0.251055359840393,1
0.716225028038025,0.283774942159653,1
0.0336813256144524,0.966318726539612,1
0.0104845641180873,0.989515423774719,1
0.000887216359842569,0.999112784862518,0
0.80515331029892,0.19484668970108,1
0.0797144249081612,0.920285522937775,1
0.921148657798767,0.0788513571023941,0
0.00733391661196947,0.992666065692902,1
0.993750870227814,0.00624913116917014,1
0.730680346488953,0.269319593906403,1
0.951738953590393,0.0482610426843166,1
0.796575307846069,0.203424707055092,0
0.955358982086182,0.0446409732103348,1
0.589188873767853,0.410811096429825,0
0.499292641878128,0.500707387924194,0
0.100900590419769,0.899099349975586,1
0.238536581397057,0.761463403701782,1
0.446303009986877,0.553696990013123,1
0.0208145547658205,0.979185402393341,1
0.00420500058680773,0.995795011520386,1
0.0286758709698915,0.971324145793915,0
0.625699400901794,0.374300628900528,0
0.423224866390228,0.576775133609772,1
0.675893008708954,0.324107021093369,0
0.142093047499657,0.857906937599182,0
0.848110377788544,0.151889622211456,0
0.0501983799040318,0.949801623821259,1
0.0252011120319366,0.974798858165741,0
0.0263868924230337,0.973613142967224,0
0.00711975712329149,0.992880284786224,0
0.991999089717865,0.00800091214478016,1
0.0523971803486347,0.947602868080139,1
0.812805116176605,0.187194913625717,0
0.997380912303925,0.00261910073459148,0
0.745982229709625,0.254017800092697,0
0.922912955284119,0.0770869851112366,1
0.86854875087738,0.131451219320297,1
0.972273230552673,0.0277267415076494,0
0.866988062858582,0.133011907339096,0
0.976371288299561,0.0236287266016006,1
0.0122333439067006,0.987766623497009,1
0.618305921554565,0.381694167852402,0
0.794957160949707,0.205042883753777,0
0.230741411447525,0.769258618354797,1
0.985166609287262,0.014833333902061,0
0.000736611313186586,0.999263346195221,1
0.283623367547989,0.716376662254333,1
0.178844690322876,0.821155309677124,1
0.87562882900238,0.12437117099762,0
0.997876882553101,0.00212307623587549,0
0.218715682625771,0.781284272670746,1
0.549699306488037,0.450300753116608,1
0.999440014362335,0.000559990294277668,0
0.0684166476130486,0.931583344936371,1
0.0195333287119865,0.980466663837433,1
0.847293376922607,0.152706548571587,1
0.440501987934113,0.559498071670532,0
0.0210605058819056,0.978939533233643,1
0.886590301990509,0.113409660756588,1
0.315284699201584,0.684715270996094,0
0.811177432537079,0.188822567462921,0
0.99152934551239,0.00847061257809401,0
0.336154997348785,0.663845002651215,1
0.997141242027283,0.00285877729766071,0
0.695467531681061,0.304532438516617,0
0.0131284724920988,0.986871480941772,1
0.0281972475349903,0.971802711486816,1
0.554114937782288,0.445885062217712,0
0.00728875352069736,0.992711305618286,1
0.397936075925827,0.602063894271851,1
0.925963580608368,0.0740363672375679,1
0.0607233941555023,0.93927663564682,0
0.921078562736511,0.0789213925600052,0
0.0127879120409489,0.987212121486664,1
0.730938494205475,0.26906156539917,1
0.675657868385315,0.324342131614685,0
0.967187523841858,0.032812412828207,0
0.993060350418091,0.00693962723016739,0
0.918040692806244,0.0819592997431755,0
0.222298294305801,0.777701735496521,1
0.162914127111435,0.837085843086243,1
0.165795728564262,0.834204256534576,0
0.00886078272014856,0.991139233112335,0
0.0341405123472214,0.965859413146973,1
0.272974491119385,0.727025508880615,0
0.983996689319611,0.0160033572465181,0
0.140525281429291,0.859474718570709,1
0.192541986703873,0.80745792388916,1
0.0431953817605972,0.956804573535919,1
0.685851514339447,0.314148455858231,0
0.000496776425279677,0.999503254890442,1
0.358894824981689,0.641105175018311,1
0.607384264469147,0.392615765333176,1
0.709982693195343,0.290017306804657,0
0.90699976682663,0.0930002331733704,1
0.194871827960014,0.805128157138824,0
0.989331007003784,0.0106689659878612,0
0.0443797744810581,0.955620169639587,1
0.445380389690399,0.554619610309601,0
0.0790816321969032,0.920918405056,0
0.0304160974919796,0.969583868980408,1
0.00051190989324823,0.999488115310669,0
0.953951954841614,0.0460480377078056,0
0.236985236406326,0.763014793395996,0
0.101021699607372,0.898978292942047,0
0.979581594467163,0.0204184371978045,0
0.241499081254005,0.758500874042511,0
0.0152515787631273,0.984748423099518,1
0.0632902979850769,0.936709702014923,1
0.753186285495758,0.246813699603081,0
0.819098830223083,0.180901169776917,0
0.657542705535889,0.342457264661789,1
0.259563058614731,0.740436971187592,1
0.778770983219147,0.221228986978531,1
0.973890781402588,0.0261093005537987,1
0.00406836206093431,0.995931684970856,1
0.13982492685318,0.86017507314682,1
0.971379399299622,0.0286205764859915,1
0.00939286965876818,0.990607142448425,1
0.77041107416153,0.229588940739632,0
0.294977605342865,0.70502245426178,1
0.889892876148224,0.110107183456421,0
0.910772204399109,0.0892278030514717,1
0.890453219413757,0.109546780586243,1
0.00564078753814101,0.994359195232391,1
0.064591221511364,0.935408711433411,0
0.224978163838387,0.77502179145813,0
0.994836211204529,0.00516383489593863,0
0.141386419534683,0.858613550662994,1
0.982592582702637,0.0174074787646532,1
0.938482522964478,0.0615174807608128,0
0.923848152160645,0.0761518105864525,1
0.00309331458993256,0.996906697750092,0
0.354972749948502,0.645027279853821,0
0.00461421953514218,0.995385825634003,0
0.945088446140289,0.0549114979803562,0
0.672637641429901,0.327362388372421,0
0.0876502469182014,0.912349760532379,1
0.992209434509277,0.00779052916914225,1
0.627233266830444,0.372766703367233,0
0.159592598676682,0.840407431125641,0
0.00137193698901683,0.99862813949585,1
0.878116190433502,0.12188383191824,1
0.0427214466035366,0.957278549671173,1
0.590663850307465,0.409336149692535,0
0.00358026707544923,0.996419787406921,0
0.242998898029327,0.757001101970673,0
0.996384739875793,0.0036153057590127,0
0.001603425713256,0.998396575450897,1
0.00931566581130028,0.990684390068054,0
0.0735484585165977,0.926451504230499,0
0.44488051533699,0.555119574069977,1
0.113642364740372,0.886357724666595,1
0.848344266414642,0.151655733585358,1
0.748431742191315,0.251568228006363,0
0.99662446975708,0.00337553583085537,0
0.9690260887146,0.0309739038348198,0
0.924469947814941,0.0755300745368004,0
0.990226984024048,0.00977299828082323,0
0.1439398676157,0.856060147285461,1
0.775057852268219,0.224942162632942,0
0.961853504180908,0.0381464883685112,1
0.124267242848873,0.875732719898224,0
0.0479716174304485,0.952028393745422,0
0.745963752269745,0.254036217927933,1
0.443009525537491,0.556990444660187,0
0.988324522972107,0.0116754993796349,0
0.0452647358179092,0.954735279083252,0
0.0123084932565689,0.987691462039948,1
0.893646895885468,0.106353104114532,0
0.130407050251961,0.869593024253845,0
0.837064027786255,0.162935972213745,0
0.873590290546417,0.12640967965126,0
0.617635846138,0.382364213466644,1
0.0066751386038959,0.993324935436249,0
0.204491570591927,0.795508444309235,1
0.0152270840480924,0.984772920608521,1
0.894757449626923,0.105242520570755,1
0.124801211059093,0.875198781490326,0
0.823619902133942,0.176380097866058,0
0.999196946620941,0.000803038012236357,0
0.931814908981323,0.0681850090622902,1
0.286200076341629,0.713799893856049,1
0.690908133983612,0.309091836214066,1
0.00925937946885824,0.990740656852722,1
0.985973715782166,0.0140262860804796,0
0.0448876395821571,0.955112397670746,0
0.992323517799377,0.00767643330618739,0
0.355342924594879,0.644657075405121,0
0.179534524679184,0.820465445518494,0
0.0535350479185581,0.946464955806732,1
0.997208893299103,0.00279113766737282,0
0.172678753733635,0.827321231365204,1
0.900142192840576,0.0998578295111656,0
0.872931957244873,0.127068027853966,1
0.0492507293820381,0.950749278068542,1
0.00317933736369014,0.996820688247681,1
0.871767103672028,0.128232881426811,0
0.0869558528065681,0.913044154644012,0
0.985203862190247,0.0147961573675275,1
0.66422301530838,0.33577698469162,1
0.85746705532074,0.142532914876938,0
0.58922404050827,0.410776019096375,0
0.00429454259574413,0.995705425739288,1
0.991777539253235,0.00822252407670021,0
0.902679145336151,0.0973208844661713,0
0.829126715660095,0.170873314142227,0
0.12164469063282,0.878355324268341,0
0.988334178924561,0.0116658583283424,0
0.616278946399689,0.383720993995667,0
0.00173081690445542,0.998269200325012,1
0.018042616546154,0.98195743560791,0
0.445089995861053,0.554910004138947,1
0.0543289370834827,0.945671021938324,1
0.994890093803406,0.00510983448475599,1
0.950347185134888,0.0496527962386608,0
0.56176620721817,0.438233822584152,1
0.0111694904044271,0.988830506801605,0
0.979400217533112,0.0205997806042433,0
0.306660860776901,0.693339109420776,1
0.993059754371643,0.00694024143740535,0
0.00428748317062855,0.995712518692017,1
0.94297069311142,0.0570293180644512,0
0.953636348247528,0.0463636256754398,1
0.8639155626297,0.1360844373703,0
0.0138233928009868,0.986176669597626,0
0.184752076864243,0.81524795293808,1
0.894205212593079,0.105794742703438,1
0.91467273235321,0.0853272303938866,1
0.758183836936951,0.241816177964211,0
0.576198637485504,0.423801362514496,1
0.706968486309052,0.293031483888626,1
0.996222615242004,0.00377732538618147,0
0.911412835121155,0.088587149977684,1
0.999105036258698,0.00089492677943781,0
0.994787335395813,0.00521264038980007,0
0.203212708234787,0.796787261962891,1
0.580956995487213,0.419043004512787,1
0.311049818992615,0.68895012140274,0
0.00703200371935964,0.992968022823334,0
0.998837053775787,0.00116292375605553,0
0.357634723186493,0.642365276813507,1
0.0348017886281013,0.965198218822479,1
0.848999798297882,0.151000201702118,0
0.456778675317764,0.543221294879913,1
0.0254523605108261,0.974547684192657,1
0.993636012077332,0.00636400794610381,0
0.891353011131287,0.108646929264069,1
0.462988793849945,0.537011206150055,1
0.100443929433823,0.8995561003685,0
0.239656761288643,0.760343194007874,0
0.0255378820002079,0.97446209192276,0
0.616131782531738,0.383868306875229,0
0.148947432637215,0.851052582263947,1
0.417790919542313,0.582209050655365,0
0.262563109397888,0.737436890602112,0
0.864678978919983,0.135321035981178,0
0.0626702830195427,0.937329709529877,0
0.774424374103546,0.225575655698776,0
0.797217905521393,0.202782139182091,0
0.0420554392039776,0.957944512367249,1
0.999447047710419,0.00055289821466431,0
0.058883361518383,0.941116571426392,1
0.997457206249237,0.0025427769869566,0
0.999322772026062,0.000677214178722352,0
0.104787781834602,0.895212292671204,1
0.4554423391819,0.544557690620422,0
0.58620297908783,0.413797050714493,1
0.974847197532654,0.0251528192311525,1
0.379374235868454,0.620625734329224,0
0.991804599761963,0.00819539092481136,0
0.941996395587921,0.0580035746097565,0
0.54719203710556,0.452807992696762,1
0.0861532613635063,0.913846790790558,0
0.966676712036133,0.0333232395350933,0
0.658316552639008,0.341683447360992,0
0.577060163021088,0.422939777374268,0
0.143549472093582,0.856450498104095,1
0.449434459209442,0.550565540790558,0
0.578994035720825,0.421005964279175,1
0.49373733997345,0.506262719631195,1
0.00853687711060047,0.991463124752045,1
0.175230011343956,0.824770033359528,1
0.698529303073883,0.30147060751915,0
0.892749488353729,0.107250511646271,0
0.500636875629425,0.499363124370575,1
0.00274891592562199,0.997251093387604,1
0.934491097927094,0.0655089095234871,1
0.543917715549469,0.456082284450531,1
0.0453762039542198,0.954623818397522,1
0.632934033870697,0.367065966129303,1
0.741899430751801,0.258100509643555,0
0.199150174856186,0.800849795341492,0
0.984102308750153,0.0158977285027504,1
0.96211051940918,0.0378895066678524,0
0.281734079122543,0.718265950679779,1
0.943202614784241,0.0567974634468555,1
0.984844148159027,0.0151559039950371,0
0.0214550085365772,0.978544950485229,0
0.00555878784507513,0.994441211223602,0
0.128119513392448,0.87188047170639,0
0.945549309253693,0.0544507056474686,1
0.870416820049286,0.129583224654198,0
0.105130568146706,0.894869446754456,1
0.159853726625443,0.840146243572235,0
0.0630122646689415,0.9369877576828,1
0.974496841430664,0.0255031548440456,0
0.936225652694702,0.0637743026018143,0
0.268152296543121,0.731847703456879,0
0.262410759925842,0.737589299678802,1
0.437173575162888,0.56282639503479,1
0.996369004249573,0.00363104441203177,0
0.894932746887207,0.105067268013954,0
0.00172341603320092,0.998276591300964,1
0.751852035522461,0.2481479793787,0
0.156037330627441,0.843962728977203,1
0.0753892213106155,0.924610793590546,1
0.673779308795929,0.326220721006393,1
0.950596928596497,0.0494030714035034,0
0.0050382255576551,0.994961738586426,1
0.93511688709259,0.0648831650614738,1
0.527978420257568,0.472021579742432,1
0.31630665063858,0.683693289756775,1
0.133965879678726,0.866034209728241,1
0.955019772052765,0.0449802689254284,0
0.0776368007063866,0.92236316204071,0
0.383650362491608,0.616349637508392,1
0.998792290687561,0.00120767508633435,0
0.17260679602623,0.827393233776093,0
0.704020261764526,0.295979708433151,1
0.285704404115677,0.714295566082001,1
0.543421804904938,0.456578135490417,0
0.41630083322525,0.58369916677475,1
0.519933938980103,0.480066031217575,1
0.764511823654175,0.235488191246986,1
0.750995635986328,0.249004334211349,0
0.252336323261261,0.747663617134094,1
0.882268846035004,0.117731153964996,1
0.721054494380951,0.278945565223694,0
0.126752316951752,0.873247742652893,0
0.812698781490326,0.187301218509674,1
0.955346584320068,0.0446534417569637,0
0.869031131267548,0.130968853831291,0
0.891521453857422,0.10847856849432,1
0.973840892314911,0.0261590927839279,0
0.0693693980574608,0.930630683898926,0
0.9913130402565,0.00868690945208073,0
0.759876728057861,0.240123301744461,0
0.485510140657425,0.514489948749542,1
0.0104483496397734,0.989551603794098,1
0.151518955826759,0.848481059074402,1
0.0302730277180672,0.969727039337158,1
0.997877359390259,0.00212259939871728,0
0.0155649678781629,0.984435021877289,1
0.00439351238310337,0.995606482028961,1
0.0220618825405836,0.977938055992126,1
0.808333456516266,0.191666558384895,1
0.0807663053274155,0.919233739376068,0
0.88428270816803,0.115717366337776,0
0.0456168092787266,0.954383134841919,1
0.0848607793450356,0.915139198303223,1
0.472350835800171,0.527649164199829,0
0.171775013208389,0.828224956989288,0
0.024578757584095,0.975421249866486,1
0.254353731870651,0.745646238327026,1
0.949087858200073,0.05091218277812,0
0.737409114837646,0.262590885162354,0
0.50779777765274,0.49220222234726,0
0.5736243724823,0.426375597715378,0
0.670046269893646,0.329953759908676,0
0.0822942331433296,0.917705774307251,0
0.427350729703903,0.572649300098419,0
0.237611144781113,0.762388825416565,1
0.198820412158966,0.801179587841034,1
0.950214564800262,0.0497855097055435,1
0.349076718091965,0.650923371315002,0
0.208796054124832,0.79120397567749,0
0.989449262619019,0.010550819337368,0
0.872728407382965,0.127271592617035,0
0.46361169219017,0.536388337612152,1
0.944207787513733,0.0557922646403313,1
0.160170838236809,0.83982914686203,1
0.265594303607941,0.734405696392059,0
0.894190847873688,0.105809167027473,0
0.556599795818329,0.443400233983994,1
0.0282536987215281,0.971746325492859,1
0.0323753021657467,0.96762478351593,1
0.00963405799120665,0.990365982055664,1
0.604187667369843,0.39581236243248,1
0.182084977626801,0.817915081977844,1
0.0156356543302536,0.984364330768585,1
0.986995875835419,0.013004113920033,1
0.598950326442719,0.401049762964249,1
0.225093334913254,0.774906694889069,1
0.0234682988375425,0.976531624794006,0
0.989323198795319,0.0106767397373915,1
0.876225411891937,0.123774617910385,1
0.945557057857513,0.054442934691906,1
0.973753273487091,0.0262467190623283,1
0.992235004901886,0.00776499509811401,0
0.178204357624054,0.821795642375946,1
0.0036823817063123,0.996317625045776,1
0.739170491695404,0.260829478502274,0
0.138925403356552,0.86107462644577,0
0.927593946456909,0.0724060460925102,0
0.414995431900024,0.585004568099976,1
0.185862243175507,0.814137697219849,0
0.941612243652344,0.0583877041935921,0
0.632655262947083,0.367344737052917,0
0.955687999725342,0.0443119965493679,0
0.275846481323242,0.724153578281403,1
0.0051234127022326,0.994876563549042,1
0.984575986862183,0.0154240671545267,0
0.107489086687565,0.892510890960693,0
0.495872348546982,0.504127681255341,1
0.0485285893082619,0.951471447944641,1
0.995975077152252,0.00402489537373185,1
0.332612067461014,0.667387962341309,0
0.994510293006897,0.00548966741189361,0
0.0378074869513512,0.962192535400391,1
0.923013031482697,0.0769869685173035,1
0.916702389717102,0.0832975655794144,1
0.00716737844049931,0.992832660675049,0
0.381287634372711,0.618712425231934,0
0.967592179775238,0.0324078351259232,0
0.662620902061462,0.33737912774086,0
0.00585830491036177,0.994141638278961,1
0.0929118245840073,0.907088160514832,1
0.02361592464149,0.976384103298187,1
0.607755303382874,0.392244726419449,1
0.727635562419891,0.272364437580109,1
0.188934713602066,0.811065256595612,0
0.972202897071838,0.0277971588075161,1
0.56888610124588,0.431113958358765,0
0.95248007774353,0.0475199930369854,0
0.926613211631775,0.0733867958188057,0
0.995482802391052,0.00451722508296371,1
0.0239398200064898,0.976060211658478,1
0.00478777522221208,0.995212197303772,1
0.000780796282924712,0.999219179153442,0
0.000700674660038203,0.999299287796021,0
0.540847480297089,0.459152579307556,0
0.922929108142853,0.0770708248019218,0
0.135269030928612,0.864730954170227,1
0.722482264041901,0.277517735958099,0
0.998954653739929,0.00104534951969981,1
0.942252278327942,0.0577477253973484,0
0.998830139636993,0.0011699014576152,0
0.00964853074401617,0.990351498126984,0
0.995163559913635,0.00483642099425197,0
0.641232252120972,0.358767718076706,0
0.999332010746002,0.000668017601128668,0
0.808222711086273,0.191777259111404,1
0.344991564750671,0.655008435249329,1
0.999313473701477,0.000686567567754537,0
0.805977165699005,0.194022864103317,0
0.0283501632511616,0.971649885177612,1
0.97871470451355,0.0212852545082569,0
0.363140881061554,0.636859118938446,0
0.554731070995331,0.445268929004669,0
